classroom code,capacity,,,
fix this later 1,20,,,
fix this later 2,20,,,
fix this later 3,20,,,
fix this later 4,20,,,
fix this later 5,20,,,
fix this later 6,20,,,
fix this later 7,20,,,
fix this later 8,20,,,
fix this later 9,20,,,
fix this later 10,20,,,
fix this later 11,20,,,
fix this later 12,20,,,
fix this later 13,20,,,
fix this later 14,20,,,
fix this later 15,20,,,
fix this later 16,20,,,
fix this later 17,20,,,
fix this later 18,20,,,
fix this later 19,20,,,
fix this later 20,20,,,
fix this later 21,20,,,
fix this later 22,20,,,
fix this later 23,20,,,
fix this later 24,20,,,
fix this later 25,20,,,
fix this later 26,20,,,
fix this later 27,20,,,
fix this later 28,20,,,
fix this later 29,20,,,
fix this later 30,20,,,
fix this later 31,20,,,
fix this later 32,20,,,
fix this later 33,20,,,
fix this later 34,20,,,
fix this later 35,20,,,
fix this later 36,20,,,
fix this later 37,20,,,
fix this later 38,20,,,
fix this later 39,20,,,
fix this later 40,20,,,
fix this later 41,20,,,
fix this later 42,20,,,
fix this later 43,20,,,
fix this later 44,20,,,
fix this later 45,20,,,
fix this later 46,20,,,
fix this later 47,20,,,
fix this later 48,20,,,
fix this later 49,20,,,